ky_nang,nganh,truong,mo_ta
váº½,Kiáº¿n trÃºc,ÄH Kiáº¿n trÃºc TP.HCM,"PhÃ¹ há»£p vá»›i ngÆ°á»i giá»i váº½, sÃ¡ng táº¡o, vÃ  Ä‘am mÃª thiáº¿t káº¿ khÃ´ng gian."
toÃ¡n,Ká»¹ thuáº­t cÆ¡ khÃ­,ÄH BÃ¡ch Khoa TP.HCM,"DÃ nh cho ngÆ°á»i giá»i toÃ¡n, tÆ° duy logic, vÃ  thÃ­ch cháº¿ táº¡o mÃ¡y mÃ³c."
logic,CÃ´ng nghá»‡ thÃ´ng tin,ÄH BÃ¡ch Khoa TP.HCM,"PhÃ¹ há»£p vá»›i tÆ° duy láº­p trÃ¬nh, giáº£i quyáº¿t váº¥n Ä‘á» ká»¹ thuáº­t."
sÃ¡ng táº¡o,Thiáº¿t káº¿ Ä‘á»“ há»a,ÄH Má»¹ thuáº­t TP.HCM,"Cho ngÆ°á»i Ä‘am mÃª sÃ¡ng táº¡o, thiáº¿t káº¿ hÃ¬nh áº£nh vÃ  giao diá»‡n."
chÆ¡i game,CÃ´ng nghá»‡ thÃ´ng tin,ÄH FPT,"PhÃ¹ há»£p vá»›i ngÆ°á»i thÃ­ch láº­p trÃ¬nh game, phÃ¡t triá»ƒn pháº§n má»m giáº£i trÃ­."
ai,TrÃ­ tuá»‡ nhÃ¢n táº¡o vÃ  Há»c mÃ¡y,ÄH CÃ´ng nghá»‡ (ÄH Quá»‘c gia HÃ  Ná»™i),"DÃ nh cho ngÆ°á»i yÃªu thÃ­ch cÃ´ng nghá»‡ AI, phÃ¢n tÃ­ch dá»¯ liá»‡u."
nÄƒng lÆ°á»£ng,NÄƒng lÆ°á»£ng tÃ¡i táº¡o,ÄH BÃ¡ch Khoa HÃ  Ná»™i,"PhÃ¹ há»£p vá»›i ngÆ°á»i quan tÃ¢m Ä‘áº¿n mÃ´i trÆ°á»ng, nÄƒng lÆ°á»£ng xanh."
sinh há»c,CÃ´ng nghá»‡ sinh há»c,ÄH Khoa há»c Tá»± nhiÃªn (ÄH Quá»‘c gia TP.HCM),"Cho ngÆ°á»i Ä‘am mÃª y há»c, nÃ´ng nghiá»‡p tiÃªn tiáº¿n."
kinh táº¿ sá»‘,Kinh táº¿ sá»‘ vÃ  ThÆ°Æ¡ng máº¡i Ä‘iá»‡n tá»­,ÄH Kinh táº¿ Quá»‘c dÃ¢n,"DÃ nh cho ngÆ°á»i thÃ­ch kinh doanh online, cÃ´ng nghá»‡ sá»‘."
an ninh máº¡ng,An ninh máº¡ng,ÄH CÃ´ng nghá»‡ ThÃ´ng tin (ÄH Quá»‘c gia TP.HCM),"PhÃ¹ há»£p vá»›i ngÆ°á»i muá»‘n báº£o vá»‡ dá»¯ liá»‡u trong thá»i Ä‘áº¡i sá»‘."
diá»…n xuáº¥t,Diá»…n xuáº¥t,ÄH SÃ¢n kháº¥u Äiá»‡n áº£nh TP.HCM,"PhÃ¹ há»£p vá»›i ngÆ°á»i Ä‘am mÃª biá»ƒu diá»…n, giáº£i trÃ­."
ux,Thiáº¿t káº¿ tráº£i nghiá»‡m ngÆ°á»i dÃ¹ng (UX Design),ÄH RMIT Viá»‡t Nam,"DÃ nh cho ngÆ°á»i thÃ­ch thiáº¿t káº¿ giao diá»‡n, tá»‘i Æ°u tráº£i nghiá»‡m."
vÅ© trá»¥,Khoa há»c dá»¯ liá»‡u vÅ© trá»¥,ÄH Khoa há»c vÃ  CÃ´ng nghá»‡ HÃ  Ná»™i (USTH),"Cho ngÆ°á»i tÃ² mÃ² vá» khÃ´ng gian, dá»¯ liá»‡u vá»‡ tinh."
thá»±c pháº©m,CÃ´ng nghá»‡ thá»±c pháº©m bá»n vá»¯ng,ÄH NÃ´ng LÃ¢m TP.HCM,"PhÃ¹ há»£p vá»›i ngÆ°á»i quan tÃ¢m thá»±c pháº©m xanh, tÆ°Æ¡ng lai."
tÃ¢m lÃ½ game,TÃ¢m lÃ½ há»c trÃ² chÆ¡i,ÄH Khoa há»c XÃ£ há»™i vÃ  NhÃ¢n vÄƒn (ÄH Quá»‘c gia TP.HCM),"DÃ nh cho ngÆ°á»i muá»‘n hiá»ƒu hÃ nh vi ngÆ°á»i chÆ¡i game."
Ã¢m nháº¡c,Ã‚m nháº¡c há»c,Nháº¡c viá»‡n TP.HCM,"PhÃ¹ há»£p vá»›i ngÆ°á»i Ä‘am mÃª Ã¢m nháº¡c, sÃ¡ng tÃ¡c."
thá»i trang,Thiáº¿t káº¿ thá»i trang,ÄH CÃ´ng nghiá»‡p Dá»‡t may HÃ  Ná»™i,"DÃ nh cho ngÆ°á»i yÃªu thÃ­ch thá»i trang, sÃ¡ng táº¡o."
robot,Ká»¹ thuáº­t robot,ÄH SÆ° pháº¡m Ká»¹ thuáº­t TP.HCM,"Cho ngÆ°á»i Ä‘am mÃª cÃ´ng nghá»‡ robot, tá»± Ä‘á»™ng hÃ³a."
nÃ´ng nghiá»‡p,NÃ´ng nghiá»‡p,ÄH NÃ´ng nghiá»‡p HÃ  Ná»™i,"NghiÃªn cá»©u quáº£n lÃ½ nÃ´ng thÃ´n, y há»c Ä‘á»™ng váº­t, cÃ¢y trá»“ng biáº¿n Ä‘á»•i gen, an ninh lÆ°Æ¡ng thá»±c."
khoa há»c,Khoa há»c tá»± nhiÃªn,ÄH Khoa há»c Tá»± nhiÃªn (ÄH Quá»‘c gia HÃ  Ná»™i),"PhÃ¡t triá»ƒn tÆ° duy khoa há»c, ká»¹ nÄƒng tÃ­nh toÃ¡n, giáº£i quyáº¿t váº¥n Ä‘á»."
quy hoáº¡ch Ä‘Ã´ thá»‹,Quy hoáº¡ch Ä‘Ã´ thá»‹,ÄH Kiáº¿n trÃºc HÃ  Ná»™i,"Thiáº¿t káº¿ khÃ´ng gian sá»‘ng, káº¿t há»£p khoa há»c, nhÃ¢n vÄƒn, nghá»‡ thuáº­t."
kinh doanh,Quáº£n trá»‹ kinh doanh,ÄH Kinh táº¿ TP.HCM,"PhÃ¡t triá»ƒn ká»¹ nÄƒng tÃ i chÃ­nh, káº¿ toÃ¡n, marketing, quáº£n lÃ½ nhÃ¢n sá»±."
it,CÃ´ng nghá»‡ thÃ´ng tin,ÄH CÃ´ng nghá»‡ ThÃ´ng tin (ÄH Quá»‘c gia TP.HCM),"Thiáº¿t káº¿, sáº£n xuáº¥t vÃ  sá»­ dá»¥ng há»‡ thá»‘ng thÃ´ng tin, ká»¹ thuáº­t pháº§n má»m."
nghá»‡ thuáº­t,Nghá»‡ thuáº­t sÃ¡ng táº¡o,ÄH Má»¹ thuáº­t CÃ´ng nghiá»‡p,"SÃ¡ng táº¡o nghá»‡ thuáº­t thá»‹ giÃ¡c, tá»« há»™i há»a Ä‘áº¿n Ä‘á»“ há»a mÃ¡y tÃ­nh."
giÃ¡o dá»¥c,GiÃ¡o dá»¥c,ÄH SÆ° pháº¡m HÃ  Ná»™i,"NghiÃªn cá»©u cÃ¡ch con ngÆ°á»i há»c táº­p, thá»±c hÃ nh táº¡i trÆ°á»ng há»c."
ká»¹ thuáº­t,Ká»¹ thuáº­t,ÄH BÃ¡ch Khoa TP.HCM,"á»¨ng dá»¥ng toÃ¡n há»c vÃ  khoa há»c Ä‘á»ƒ thiáº¿t káº¿, phÃ¡t triá»ƒn cÆ¡ sá»Ÿ háº¡ táº§ng."
y há»c,Y há»c,ÄH Y DÆ°á»£c TP.HCM,"Cháº©n Ä‘oÃ¡n, Ä‘iá»u trá»‹ vÃ  Ä‘Ã¡nh giÃ¡ nhu cáº§u sá»©c khá»e, thá»±c hÃ nh y há»c vÃ  pháº«u thuáº­t."
nhÃ¢n vÄƒn,NhÃ¢n vÄƒn,ÄH Khoa há»c XÃ£ há»™i vÃ  NhÃ¢n vÄƒn (ÄH Quá»‘c gia HÃ  Ná»™i),"TÆ° duy pháº£n biá»‡n, Ä‘áº¡o Ä‘á»©c, nghiÃªn cá»©u lá»‹ch sá»­, vÄƒn há»c, nghá»‡ thuáº­t."
luáº­t,Luáº­t,ÄH Luáº­t TP.HCM,"NghiÃªn cá»©u há»‡ thá»‘ng phÃ¡p luáº­t toÃ n cáº§u, luáº­t quá»‘c táº¿."
mba,Quáº£n trá»‹ kinh doanh (MBA),ÄH Kinh táº¿ - Luáº­t (ÄH Quá»‘c gia TP.HCM),"Trang bá»‹ ká»¹ nÄƒng thá»±c táº¿ Ä‘á»ƒ thÃ nh cÃ´ng trong kinh doanh."
sá»©c khá»e,Sá»©c khá»e vÃ  PhÃºc lá»£i,ÄH Y táº¿ CÃ´ng cá»™ng,"NÃ¢ng cao sá»©c khá»e con ngÆ°á»i vá» thá»ƒ cháº¥t vÃ  tháº©m má»¹."
xÃ£ há»™i,Khoa há»c xÃ£ há»™i,ÄH Khoa há»c XÃ£ há»™i vÃ  NhÃ¢n vÄƒn (ÄH Quá»‘c gia TP.HCM),"NghiÃªn cá»©u cÃ¡ch con ngÆ°á»i tÆ°Æ¡ng tÃ¡c trong xÃ£ há»™i, phim áº£nh, truyá»n thÃ´ng."
du lá»‹ch,Du lá»‹ch vÃ  KhÃ¡ch sáº¡n,ÄH VÄƒn hÃ³a TP.HCM,"NghiÃªn cá»©u ngÃ nh du lá»‹ch, khÃ¡ch sáº¡n, phÃ¡t triá»ƒn sá»± nghiá»‡p trong lÄ©nh vá»±c nÃ y."
marketing,Marketing,ÄH Kinh táº¿ Quá»‘c dÃ¢n,"PhÃ¹ há»£p vá»›i ngÆ°á»i sÃ¡ng táº¡o, thÃ­ch nghiÃªn cá»©u thá»‹ trÆ°á»ng vÃ  quáº£ng bÃ¡ sáº£n pháº©m."
tÃ i chÃ­nh,TÃ i chÃ­nh - NgÃ¢n hÃ ng,ÄH NgÃ¢n hÃ ng TP.HCM,"DÃ nh cho ngÆ°á»i giá»i toÃ¡n, thÃ­ch phÃ¢n tÃ­ch tÃ i chÃ­nh vÃ  Ä‘áº§u tÆ°."
dÆ°á»£c,DÆ°á»£c há»c,ÄH DÆ°á»£c HÃ  Ná»™i,"PhÃ¹ há»£p vá»›i ngÆ°á»i quan tÃ¢m Ä‘áº¿n sáº£n xuáº¥t vÃ  phÃ¢n phá»‘i thuá»‘c."
Ä‘iá»u dÆ°á»¡ng,Äiá»u dÆ°á»¡ng,ÄH Y HÃ  Ná»™i,"DÃ nh cho ngÆ°á»i muá»‘n chÄƒm sÃ³c sá»©c khá»e, há»— trá»£ bá»‡nh nhÃ¢n."
hÃ³a há»c,HÃ³a há»c,ÄH Khoa há»c Tá»± nhiÃªn (ÄH Quá»‘c gia TP.HCM),"NghiÃªn cá»©u cÃ¡c pháº£n á»©ng hÃ³a há»c, á»©ng dá»¥ng trong cÃ´ng nghiá»‡p vÃ  y há»c."
váº­t lÃ½,Váº­t lÃ½,ÄH SÆ° pháº¡m HÃ  Ná»™i,"PhÃ¹ há»£p vá»›i ngÆ°á»i yÃªu thÃ­ch khoa há»c, nghiÃªn cá»©u váº­t cháº¥t vÃ  nÄƒng lÆ°á»£ng."
toÃ¡n há»c,ToÃ¡n há»c,ÄH Khoa há»c Tá»± nhiÃªn (ÄH Quá»‘c gia HÃ  Ná»™i),"DÃ nh cho ngÆ°á»i giá»i tÆ° duy logic, thÃ­ch giáº£i quyáº¿t váº¥n Ä‘á» toÃ¡n há»c."
lá»‹ch sá»­,Lá»‹ch sá»­,ÄH Khoa há»c XÃ£ há»™i vÃ  NhÃ¢n vÄƒn (ÄH Quá»‘c gia HÃ  Ná»™i),"NghiÃªn cá»©u cÃ¡c sá»± kiá»‡n lá»‹ch sá»­, vÄƒn hÃ³a vÃ  xÃ£ há»™i."
vÄƒn há»c,VÄƒn há»c,ÄH SÆ° pháº¡m TP.HCM,"PhÃ¹ há»£p vá»›i ngÆ°á»i yÃªu thÃ­ch vÄƒn chÆ°Æ¡ng, sÃ¡ng tÃ¡c vÃ  phÃ¢n tÃ­ch tÃ¡c pháº©m."
ngÃ´n ngá»¯,NgÃ´n ngá»¯ Anh,ÄH Ngoáº¡i ngá»¯ (ÄH Quá»‘c gia HÃ  Ná»™i),"DÃ nh cho ngÆ°á»i thÃ­ch há»c ngoáº¡i ngá»¯, giao tiáº¿p quá»‘c táº¿."
bÃ¡o chÃ­,BÃ¡o chÃ­,ÄH Khoa há»c XÃ£ há»™i vÃ  NhÃ¢n vÄƒn (ÄH Quá»‘c gia TP.HCM),"PhÃ¹ há»£p vá»›i ngÆ°á»i yÃªu thÃ­ch viáº¿t lÃ¡ch, truyá»n thÃ´ng vÃ  Ä‘Æ°a tin."
truyá»n thÃ´ng,Truyá»n thÃ´ng Ä‘a phÆ°Æ¡ng tiá»‡n,ÄH RMIT Viá»‡t Nam,"DÃ nh cho ngÆ°á»i sÃ¡ng táº¡o, thÃ­ch lÃ m viá»‡c vá»›i video, Ã¢m thanh vÃ  hÃ¬nh áº£nh."
xÃ¢y dá»±ng,Ká»¹ thuáº­t xÃ¢y dá»±ng,ÄH XÃ¢y dá»±ng HÃ  Ná»™i,"PhÃ¹ há»£p vá»›i ngÆ°á»i thÃ­ch thiáº¿t káº¿ vÃ  xÃ¢y dá»±ng cÃ´ng trÃ¬nh."
Ä‘iá»‡n,Äiá»‡n - Äiá»‡n tá»­,ÄH BÃ¡ch Khoa TP.HCM,"DÃ nh cho ngÆ°á»i quan tÃ¢m Ä‘áº¿n há»‡ thá»‘ng Ä‘iá»‡n, Ä‘iá»‡n tá»­ vÃ  tá»± Ä‘á»™ng hÃ³a."
hÃ ng khÃ´ng,Ká»¹ thuáº­t hÃ ng khÃ´ng,ÄH BÃ¡ch Khoa TP.HCM,"PhÃ¹ há»£p vá»›i ngÆ°á»i yÃªu thÃ­ch ngÃ nh hÃ ng khÃ´ng, cháº¿ táº¡o mÃ¡y bay."
háº£i dÆ°Æ¡ng,Háº£i dÆ°Æ¡ng há»c,ÄH Khoa há»c Tá»± nhiÃªn (ÄH Quá»‘c gia TP.HCM),"NghiÃªn cá»©u vá» Ä‘áº¡i dÆ°Æ¡ng, sinh váº­t biá»ƒn vÃ  mÃ´i trÆ°á»ng biá»ƒn."
mÃ´i trÆ°á»ng,Khoa há»c mÃ´i trÆ°á»ng,ÄH Khoa há»c Tá»± nhiÃªn (ÄH Quá»‘c gia HÃ  Ná»™i),"PhÃ¹ há»£p vá»›i ngÆ°á»i quan tÃ¢m Ä‘áº¿n báº£o vá»‡ mÃ´i trÆ°á»ng, phÃ¡t triá»ƒn bá»n vá»¯ng."
Ä‘á»‹a cháº¥t,Äá»‹a cháº¥t há»c,ÄH Má» - Äá»‹a cháº¥t HÃ  Ná»™i,"NghiÃªn cá»©u vá» cáº¥u trÃºc TrÃ¡i Äáº¥t, tÃ i nguyÃªn khoÃ¡ng sáº£n."
thÃº y,ThÃº y,ÄH NÃ´ng LÃ¢m TP.HCM,"DÃ nh cho ngÆ°á»i yÃªu Ä‘á»™ng váº­t, muá»‘n chÄƒm sÃ³c vÃ  Ä‘iá»u trá»‹ cho thÃº."
nÃ´ng há»c,NÃ´ng há»c,ÄH NÃ´ng nghiá»‡p HÃ  Ná»™i,"PhÃ¹ há»£p vá»›i ngÆ°á»i quan tÃ¢m Ä‘áº¿n cÃ¢y trá»“ng, ká»¹ thuáº­t canh tÃ¡c."
chÄƒn nuÃ´i,ChÄƒn nuÃ´i,ÄH NÃ´ng LÃ¢m TP.HCM,"NghiÃªn cá»©u vá» chÄƒn nuÃ´i gia sÃºc, gia cáº§m vÃ  thá»§y sáº£n."
thá»§y sáº£n,Thá»§y sáº£n,ÄH Nha Trang,"DÃ nh cho ngÆ°á»i quan tÃ¢m Ä‘áº¿n nuÃ´i trá»“ng vÃ  khai thÃ¡c thá»§y sáº£n."
logistics,Logistics vÃ  Quáº£n lÃ½ chuá»—i cung á»©ng,ÄH Giao thÃ´ng Váº­n táº£i TP.HCM,"PhÃ¹ há»£p vá»›i ngÆ°á»i thÃ­ch quáº£n lÃ½ váº­n chuyá»ƒn, kho bÃ£i."
hÃ ng háº£i,Ká»¹ thuáº­t hÃ ng háº£i,ÄH HÃ ng háº£i Viá»‡t Nam,"DÃ nh cho ngÆ°á»i yÃªu thÃ­ch ngÃ nh hÃ ng háº£i, Ä‘iá»u khiá»ƒn tÃ u biá»ƒn."
sÆ° pháº¡m,SÆ° pháº¡m ToÃ¡n,ÄH SÆ° pháº¡m HÃ  Ná»™i,"PhÃ¹ há»£p vá»›i ngÆ°á»i muá»‘n trá»Ÿ thÃ nh giÃ¡o viÃªn dáº¡y ToÃ¡n."
sÆ° pháº¡m vÄƒn,SÆ° pháº¡m Ngá»¯ vÄƒn,ÄH SÆ° pháº¡m TP.HCM,"DÃ nh cho ngÆ°á»i muá»‘n trá»Ÿ thÃ nh giÃ¡o viÃªn dáº¡y VÄƒn."
sÆ° pháº¡m anh,SÆ° pháº¡m Tiáº¿ng Anh,ÄH Ngoáº¡i ngá»¯ (ÄH Quá»‘c gia HÃ  Ná»™i),"PhÃ¹ há»£p vá»›i ngÆ°á»i muá»‘n trá»Ÿ thÃ nh giÃ¡o viÃªn dáº¡y Tiáº¿ng Anh."
quÃ¢n sá»±,QuÃ¢n sá»±,ÄH QuÃ¢n sá»± (Há»c viá»‡n Quá»‘c phÃ²ng),"DÃ nh cho ngÆ°á»i muá»‘n phá»¥c vá»¥ trong quÃ¢n Ä‘á»™i, nghiÃªn cá»©u chiáº¿n lÆ°á»£c."
cÃ´ng an,CÃ´ng an,ÄH An ninh NhÃ¢n dÃ¢n,"PhÃ¹ há»£p vá»›i ngÆ°á»i muá»‘n lÃ m viá»‡c trong ngÃ nh cÃ´ng an, báº£o vá»‡ an ninh."
kiá»ƒm toÃ¡n,Kiá»ƒm toÃ¡n,ÄH Kinh táº¿ Quá»‘c dÃ¢n,"DÃ nh cho ngÆ°á»i thÃ­ch phÃ¢n tÃ­ch tÃ i chÃ­nh, kiá»ƒm tra sá»• sÃ¡ch."
káº¿ toÃ¡n,Káº¿ toÃ¡n,ÄH TÃ i chÃ­nh - Káº¿ toÃ¡n,"PhÃ¹ há»£p vá»›i ngÆ°á»i giá»i toÃ¡n, thÃ­ch lÃ m viá»‡c vá»›i sá»‘ liá»‡u tÃ i chÃ­nh."
quáº£n lÃ½,Quáº£n lÃ½ cÃ´ng,ÄH Ná»™i vá»¥ HÃ  Ná»™i,"NghiÃªn cá»©u quáº£n lÃ½ hÃ nh chÃ­nh, chÃ­nh sÃ¡ch cÃ´ng."
quáº£n trá»‹ nhÃ¢n sá»±,Quáº£n trá»‹ nhÃ¢n sá»±,ÄH Lao Ä‘á»™ng - XÃ£ há»™i,"DÃ nh cho ngÆ°á»i thÃ­ch lÃ m viá»‡c vá»›i con ngÆ°á»i, quáº£n lÃ½ nhÃ¢n sá»±."
báº£o hiá»ƒm,Báº£o hiá»ƒm,ÄH Kinh táº¿ Quá»‘c dÃ¢n,"PhÃ¹ há»£p vá»›i ngÆ°á»i quan tÃ¢m Ä‘áº¿n báº£o hiá»ƒm, quáº£n lÃ½ rá»§i ro."
thá»‘ng kÃª,Thá»‘ng kÃª,ÄH Kinh táº¿ Quá»‘c dÃ¢n,"DÃ nh cho ngÆ°á»i giá»i toÃ¡n, thÃ­ch phÃ¢n tÃ­ch dá»¯ liá»‡u vÃ  dá»± bÃ¡o."
Ä‘áº§u tÆ°,Äáº§u tÆ°,ÄH NgÃ¢n hÃ ng TP.HCM,"PhÃ¹ há»£p vá»›i ngÆ°á»i thÃ­ch nghiÃªn cá»©u thá»‹ trÆ°á»ng tÃ i chÃ­nh, Ä‘áº§u tÆ° chá»©ng khoÃ¡n."
quáº£n lÃ½ sá»± kiá»‡n,Quáº£n lÃ½ sá»± kiá»‡n,ÄH VÄƒn hÃ³a TP.HCM,"DÃ nh cho ngÆ°á»i sÃ¡ng táº¡o, thÃ­ch tá»• chá»©c sá»± kiá»‡n vÃ  há»™i nghá»‹."
hÆ°á»›ng dáº«n viÃªn,HÆ°á»›ng dáº«n viÃªn du lá»‹ch,ÄH Khoa há»c XÃ£ há»™i vÃ  NhÃ¢n vÄƒn (ÄH Quá»‘c gia TP.HCM),"PhÃ¹ há»£p vá»›i ngÆ°á»i yÃªu thÃ­ch du lá»‹ch, giao tiáº¿p tá»‘t."
áº©m thá»±c,áº¨m thá»±c,ÄH Hoa Sen,"DÃ nh cho ngÆ°á»i Ä‘am mÃª náº¥u Äƒn, nghiÃªn cá»©u vÄƒn hÃ³a áº©m thá»±c."
khÃ¡ch sáº¡n,Quáº£n trá»‹ khÃ¡ch sáº¡n,ÄH Kinh táº¿ TP.HCM,"PhÃ¹ há»£p vá»›i ngÆ°á»i thÃ­ch lÃ m viá»‡c trong ngÃ nh khÃ¡ch sáº¡n, dá»‹ch vá»¥."
lá»¯ hÃ nh,Quáº£n trá»‹ lá»¯ hÃ nh,ÄH VÄƒn hÃ³a TP.HCM,"DÃ nh cho ngÆ°á»i yÃªu thÃ­ch du lá»‹ch, tá»• chá»©c tour."
thá»ƒ thao,Khoa há»c thá»ƒ thao,ÄH Thá»ƒ dá»¥c Thá»ƒ thao TP.HCM,"PhÃ¹ há»£p vá»›i ngÆ°á»i yÃªu thÃ­ch thá»ƒ thao, huáº¥n luyá»‡n viÃªn."
váº­t lÃ½ trá»‹ liá»‡u,Váº­t lÃ½ trá»‹ liá»‡u,ÄH Y DÆ°á»£c TP.HCM,"DÃ nh cho ngÆ°á»i muá»‘n há»— trá»£ phá»¥c há»“i chá»©c nÄƒng cho bá»‡nh nhÃ¢n."
tÃ¢m lÃ½,TÃ¢m lÃ½ há»c,ÄH Khoa há»c XÃ£ há»™i vÃ  NhÃ¢n vÄƒn (ÄH Quá»‘c gia TP.HCM),"NghiÃªn cá»©u hÃ nh vi con ngÆ°á»i, há»— trá»£ tÃ¢m lÃ½."
xÃ£ há»™i há»c,XÃ£ há»™i há»c,ÄH Khoa há»c XÃ£ há»™i vÃ  NhÃ¢n vÄƒn (ÄH Quá»‘c gia HÃ  Ná»™i),"PhÃ¹ há»£p vá»›i ngÆ°á»i quan tÃ¢m Ä‘áº¿n xÃ£ há»™i, vÄƒn hÃ³a."
nhÃ¢n há»c,NhÃ¢n há»c,ÄH Khoa há»c XÃ£ há»™i vÃ  NhÃ¢n vÄƒn (ÄH Quá»‘c gia TP.HCM),"NghiÃªn cá»©u vá» con ngÆ°á»i, vÄƒn hÃ³a vÃ  xÃ£ há»™i."
triáº¿t há»c,Triáº¿t há»c,ÄH Khoa há»c XÃ£ há»™i vÃ  NhÃ¢n vÄƒn (ÄH Quá»‘c gia HÃ  Ná»™i),"DÃ nh cho ngÆ°á»i thÃ­ch tÆ° duy, nghiÃªn cá»©u triáº¿t lÃ½."
tÃ´n giÃ¡o,TÃ´n giÃ¡o há»c,ÄH Khoa há»c XÃ£ há»™i vÃ  NhÃ¢n vÄƒn (ÄH Quá»‘c gia TP.HCM),"NghiÃªn cá»©u vá» tÃ´n giÃ¡o, tÃ­n ngÆ°á»¡ng vÃ  vÄƒn hÃ³a."
chÃ­nh trá»‹,ChÃ­nh trá»‹ há»c,ÄH Khoa há»c XÃ£ há»™i vÃ  NhÃ¢n vÄƒn (ÄH Quá»‘c gia HÃ  Ná»™i),"PhÃ¹ há»£p vá»›i ngÆ°á»i quan tÃ¢m Ä‘áº¿n chÃ­nh trá»‹, quáº£n lÃ½ nhÃ  nÆ°á»›c."
quan há»‡ quá»‘c táº¿,Quan há»‡ quá»‘c táº¿,ÄH Ngoáº¡i giao Viá»‡t Nam,"DÃ nh cho ngÆ°á»i thÃ­ch ngoáº¡i giao, quan há»‡ quá»‘c táº¿."
kinh táº¿ quá»‘c táº¿,Kinh táº¿ quá»‘c táº¿,ÄH Ngoáº¡i thÆ°Æ¡ng,"PhÃ¹ há»£p vá»›i ngÆ°á»i quan tÃ¢m Ä‘áº¿n thÆ°Æ¡ng máº¡i toÃ n cáº§u, kinh táº¿ quá»‘c táº¿."
ngoáº¡i thÆ°Æ¡ng,Ngoáº¡i thÆ°Æ¡ng,ÄH Ngoáº¡i thÆ°Æ¡ng,"DÃ nh cho ngÆ°á»i thÃ­ch kinh doanh quá»‘c táº¿, xuáº¥t nháº­p kháº©u."
phiÃªn dá»‹ch,PhiÃªn dá»‹ch,ÄH Ngoáº¡i ngá»¯ (ÄH Quá»‘c gia HÃ  Ná»™i),"PhÃ¹ há»£p vá»›i ngÆ°á»i giá»i ngoáº¡i ngá»¯, thÃ­ch lÃ m viá»‡c vá»›i ngÃ´n ngá»¯."
dá»‹ch thuáº­t,Dá»‹ch thuáº­t,ÄH SÆ° pháº¡m Ngoáº¡i ngá»¯ TP.HCM,"DÃ nh cho ngÆ°á»i yÃªu thÃ­ch dá»‹ch thuáº­t, chuyá»ƒn ngá»¯ vÄƒn báº£n."
vÄƒn hÃ³a,VÄƒn hÃ³a há»c,ÄH VÄƒn hÃ³a HÃ  Ná»™i,"NghiÃªn cá»©u vá» vÄƒn hÃ³a, di sáº£n vÃ  truyá»n thá»‘ng."
báº£o tÃ ng,Báº£o tÃ ng há»c,ÄH VÄƒn hÃ³a TP.HCM,"PhÃ¹ há»£p vá»›i ngÆ°á»i yÃªu thÃ­ch lá»‹ch sá»­, báº£o tá»“n di sáº£n."
thÆ° viá»‡n,ThÆ° viá»‡n há»c,ÄH Khoa há»c XÃ£ há»™i vÃ  NhÃ¢n vÄƒn (ÄH Quá»‘c gia HÃ  Ná»™i),"DÃ nh cho ngÆ°á»i thÃ­ch quáº£n lÃ½ thÃ´ng tin, thÆ° viá»‡n."
lÆ°u trá»¯,LÆ°u trá»¯ há»c,ÄH Ná»™i vá»¥ HÃ  Ná»™i,"NghiÃªn cá»©u quáº£n lÃ½ tÃ i liá»‡u, lÆ°u trá»¯ thÃ´ng tin."
chÃ o,TrÃ² chuyá»‡n,,"ChÃ o báº¡n! MÃ¬nh lÃ  chatbot há»— trá»£ ngÃ nh há»c, ráº¥t vui Ä‘Æ°á»£c trÃ² chuyá»‡n vá»›i báº¡n! ğŸ˜Š"
nghi thá»©c,TrÃ² chuyá»‡n,,"MÃ¬nh khÃ´ng hiá»ƒu láº¯m vá» nghi thá»©c, nhÆ°ng mÃ¬nh cÃ³ thá»ƒ giÃºp báº¡n tÃ¬m hiá»ƒu thÃªm náº¿u báº¡n muá»‘n! ğŸ˜Š"
